Carrefour Market Paris Saint-Marcel ; 0144086330 ; lundi08h30-22h00 ; dimanche09h00-12h4513h00-21h00
Carrefour Market Bussy-Saint-Georges ; 0164775544 ; lundiFermé ; dimancheFermé
Carrefour Market Voisins-Le-Bretonneux ; 0130441010 ; lundi08h30-20h30 ; dimanche08h30-12h30
Carrefour Market Le Plessis-Robinson ; 0145373020 ; lundi08h30-21h00 ; dimanche08h30-12h30
Carrefour Market Vaires-Sur-Marne ; 0160204813 ; lundi08h00-20h00 ; dimanche09h00-13h00
Carrefour Market Breuillet Le Buisson Rondeau ; 0169940101 ; lundi08h30-20h30 ; dimanche08h30-12h30
Carrefour Market Paris Demours ; 0145745214 ; lundi08h30-22h00 ; dimanche09h00-12h4513h00-19h30
Carrefour Market Valenton ; 0156322000 ; lundi09h00-20h00 ; dimanche09h00-14h00
Carrefour Market Paris Seine ; 0143256503 ; lundi08h30-23h00 ; dimanche09h00-13h0013h15-21h00
Carrefour Market Chartrettes ; 0160696604 ; lundi08h30-20h00 ; dimanche08h30-12h30
Carrefour Market Saint-Gratien ; 0139341405 ; lundi08h30-20h30 ; dimanche09h00-13h00
Carrefour Market Montreuil Coeur De Ville ; 0143621740 ; lundi08h30-21h00 ; dimanche09h00-12h45
Carrefour Market Jouy-Le-Moutier ; 0134217777 ; lundi08h30-20h30 ; dimanche09h00-13h00
Carrefour Market Nanteuil-Les-Meaux ; 0160246240 ; lundi08h30-20h00 ; dimanche08h30-12h30
Carrefour Market Colombes ; 0141194540 ; lundi08h30-20h30 ; dimanche09h00-19h00
Carrefour Market Brunoy ; 0169393939 ; lundi08h30-20h30 ; dimanche09h00-12h45
Carrefour Market Viry-Châtillon ; 0169215358 ; lundi08h30-21h00 ; dimanche09h00-13h00
Carrefour Market Rebais ; 0164209461 ; lundi08h30-19h30 ; dimanche09h00-12h30
Carrefour Market Asnières-Sur-Seine ; 0141211047 ; lundi08h30-21h0021h15-22h00 ; dimanche09h00-19h00
Carrefour Market Rubelles ; 0164097350 ; lundi09h00-20h00 ; dimanche09h00-12h45
Carrefour Market Paris Brune ; 0140520580 ; lundi08h30-21h30 ; dimanche09h00-13h00
Carrefour Market Clamart ; 0140940283 ; lundi08h30-21h00 ; dimanche09h00-13h00
Carrefour Market Rueil-Malmaison Colmar ; 0147323711 ; lundi08h30-21h00 ; dimanche09h00-13h00
Carrefour Market Luzarches ; 0134719107 ; lundi08h30-20h30 ; dimancheFermé
Carrefour Market Guignes ; 0164426969 ; lundi08h30-20h00 ; dimanche08h30-12h30
Carrefour Market Elancourt ; 0130660809 ; lundi08h30-20h00 ; dimanche08h30-12h30
Carrefour Market Marines ; 0130399222 ; lundi08h30-20h00 ; dimanche08h30-12h30
Carrefour Market Mézières-Sur-Seine ; 0130905695 ; lundi08h30-20h00 ; dimanche09h00-12h30
Carrefour Market Cachan Europe ; 0146640291 ; lundi08h30-20h00 ; dimanche09h00-12h30
Carrefour Market Puiseux-Pontoise ; 0134461313 ; lundi08h30-20h30 ; dimanche09h00-12h30